"Submission Date","Organization / Brand Name","Contact Person","Email Address","Phone Number","Partnership Category","Message / Proposal Details"
"2026-09-04 13:19:02",,,,,,
"2026-09-04 13:19:05",,,,,,
"2026-09-04 13:19:05",,,,,,
"2026-09-04 13:19:06",,,,,,
"2026-09-04 13:19:07",,,,,,
"2026-09-04 13:19:07",,,,,,
"2026-09-04 13:19:08",,,,,,
"2026-09-04 13:19:08",,,,,,
"2026-09-04 13:19:09",,,,,,
"2026-09-04 13:19:09",,,,,,
"2026-09-04 13:19:09",,,,,,
"2026-09-04 13:19:09",,,,,,
"2026-09-04 13:19:10",,,,,,
"2026-09-04 13:19:12",,,,,,
"2026-09-04 13:19:12",,,,,,
"2026-09-04 13:19:13",,,,,,
"2026-09-04 13:19:13",,,,,,
"2026-09-04 13:19:13",,,,,,
"2026-09-04 13:19:13",,,,,,
"2026-09-04 13:19:14",,,,,,
"2026-09-04 13:19:14",,,,,,
"2026-09-04 13:19:17",,,,,,
"2026-09-04 13:19:27",,,,,,
"2026-09-04 13:19:28",,,,,,
"2026-09-04 13:19:28",,,,,,
"2026-09-04 13:19:29",,,,,,
"2026-09-04 13:19:29",,,,,,
"2026-09-04 13:19:29",,,,,,
"2026-09-04 13:19:30",,,,,,
"2026-09-04 13:19:30",,,,,,
"2026-09-04 13:19:30",,,,,,
"2026-09-04 13:19:31",,,,,,
"2026-09-04 13:19:32",,,,,,
"2026-09-04 13:19:32",,,,,,
"2026-09-04 13:19:33",,,,,,
"2026-09-04 13:19:38",,,,,,
